"G","loglik","npm","BIC","%class1","%class2","%class3","%class4"
4,5087.9869831995,38,-9876.82067069656,89.7484756097561,0,3.84908536585366,6.40243902439024
