DepressivePathGroup,value,wave,variable
1,1.5321463897131553,T2,Diet
2,1.4181818181818182,T2,Diet
3,1.2419354838709677,T2,Diet
1,2.093780848963475,T2,Diet
2,1.8606060606060606,T2,Diet
3,1.3548387096774193,T2,Diet
1,0.36260483473112975,T2,Diet
2,0.28484848484848485,T2,Diet
3,0.1935483870967742,T2,Diet
1,3.1036013813517513,T2,Diet
2,2.618181818181818,T2,Diet
3,2.6774193548387095,T2,Diet
1,0.5674740484429066,T2,Diet
2,0.4727272727272727,T2,Diet
3,0.3548387096774194,T2,Diet
