DepressivePathGroup,value,wave,variable
1,2.712951167728238,T0,Education
2,3.6733668341708543,T0,Education
3,4.214285714285714,T0,Education
