DepressivePathGroup,value,wave,variable
1,2.504883227176221,T0,Profession
2,3.391959798994975,T0,Profession
3,3.7,T0,Profession
1,2.451804670912951,T1,Profession
2,3.3636363636363638,T1,Profession
3,3.8405797101449277,T1,Profession
1,2.539220522940306,T2,Profession
2,3.327272727272727,T2,Profession
3,3.8548387096774195,T2,Profession
1,2.539220522940306,T3,Profession
2,3.327272727272727,T3,Profession
3,3.8548387096774195,T3,Profession
