,precision,recall,f1-score,support,accuracy
0.0,0.9580952380952381,1.0,0.9785992217898832,503.0,0.9580952380952381
1.0,0.0,0.0,0.0,22.0,0.9580952380952381
accuracy,0.9580952380952381,0.9580952380952381,0.9580952380952381,0.9580952380952381,0.9580952380952381
macro avg,0.47904761904761906,0.5,0.4892996108949416,525.0,0.9580952380952381
weighted avg,0.917946485260771,0.9580952380952381,0.9375912544005929,525.0,0.9580952380952381
