,precision,recall,f1-score,support,accuracy
0,0.9676190476190476,1.0,0.9835430784123911,508.0,0.9676190476190476
1,0.0,0.0,0.0,17.0,0.9676190476190476
accuracy,0.9676190476190476,0.9676190476190476,0.9676190476190476,0.9676190476190476,0.9676190476190476
macro avg,0.4838095238095238,0.5,0.49177153920619554,525.0,0.9676190476190476
weighted avg,0.9362866213151927,0.9676190476190476,0.9516950168257041,525.0,0.9676190476190476
